Name|Phone|Email|Address|PostalCode|City|Country
Benedict T. Weaver|507-2889|tellus.Suspendisse@litoratorquent.edu|466-6280 Cursus Rd.|Z0050|Kakisa|Monaco
Gemma X. Nelson|190-5490|sagittis.semper.Nam@idmollisnec.net|953-2805 Vivamus St.|QZ7P 7UA|Ostrowiec Świętokrzyski|United Kingdom (Great Britain)
Amelia E. Mays|1-148-965-3402|interdum@consectetuereuismodest.net|P.O. Box 802, 7698 Morbi Av.|33862|Saltillo|Luxembourg
Adele D. Delacruz|102-8437|ipsum.Donec@gravidasitamet.co.uk|Ap #511-6254 Aliquet St.|E3C 3OH|Mexico City|Costa Rica
Warren S. Gaines|1-652-873-1969|euismod@massaMauris.ca|P.O. Box 552, 6384 Cursus St.|357559|Noida|Finland
Minerva R. Norman|1-762-484-6285|et@Infaucibus.org|P.O. Box 192, 496 Fusce Street|07623|San Piero Patti|Saint Pierre and Miquelon
Ashton M. Rich|1-237-327-3826|Maecenas.malesuada.fringilla@Nunc.co.uk|P.O. Box 921, 8840 Rutrum St.|831846|San Felice a Cancello|Laos
Alika N. Gibson|113-6283|elit.Etiam.laoreet@vestibulumMaurismagna.edu|953-8845 Risus Ave|75493|Vancouver|Marshall Islands
Nevada W. Dominguez|1-273-446-3483|vulputate.mauris@etrisus.net|477-118 Porttitor Avenue|37881|La Baie|Belarus
Oprah Q. Mccall|402-7174|luctus@Phasellusornare.edu|2696 Elit. Av.|04028|Moorsel|French Southern Territories
Lyle L. Frederick|179-5373|congue.turpis.In@tellus.com|116-3088 Vitae Road|62967|Yaroslavl|Wallis and Futuna
Micah U. Schneider|963-8367|egestas.blandit@Curabiturut.org|4919 Et Rd.|83950|Rovereto|Solomon Islands
Quincy J. Mcgee|1-132-458-6315|libero.Integer@montes.com|179-5366 Orci, Rd.|80172|Tebing Tinggi|Mozambique
Wanda D. Rodgers|907-5622|massa.Quisque.porttitor@scelerisque.org|540-3296 Tempus Av.|916360|Lagundo/Algund|Jordan
Aristotle W. Gray|1-268-208-2438|sed.tortor.Integer@lectusjustoeu.com|Ap #138-2275 Eget Rd.|5697|Murwara|Morocco
Marshall L. Castillo|207-5012|malesuada.malesuada@sociis.ca|Ap #472-6440 Ligula. Ave|65721|Rapone|Luxembourg
Hayley F. Joyce|307-8303|lacus.Quisque@nisimagna.co.uk|Ap #219-5861 Erat St.|21849|Kingussie|Palestine, State of
Oscar Y. Horn|451-0399|orci.adipiscing.non@mauriseu.com|Ap #475-9397 Egestas. Avenue|8751|Westport|Guadeloupe
Reese N. Tucker|902-8498|sed@eget.ca|P.O. Box 363, 7181 In Street|56583|Kansas City|Spain
Kelly D. Hyde|1-765-760-1784|eget.odio.Aliquam@libero.ca|P.O. Box 509, 3606 Mollis St.|4116|Sorradile|Ireland
Hanna G. Martin|619-7368|tellus@sodalesMauris.com|P.O. Box 574, 714 Mollis Road|964938|Los Sauces|Gambia
Whilemina K. Franco|923-3429|Proin.nisl@magnisdisparturient.ca|P.O. Box 479, 1226 Pellentesque, Rd.|35013|Şereflikoçhisar|Tokelau
Kenyon G. Cardenas|1-719-413-1482|massa@Donecelementumlorem.com|578-4402 Ipsum Ave|37969|Rocourt|Palau
Paul Q. Craft|600-4012|commodo@molestiearcu.com|457-7528 Semper Road|77088|Itajaí|Iceland
Salvador F. Mcknight|149-9381|sed.turpis@Suspendisse.edu|5632 Velit Av.|55025|Tacoma|Jordan
Priscilla K. Humphrey|1-765-703-3187|ac.tellus@Aliquamerat.net|2616 Sodales Ave|5885|Gubbio|Afghanistan
Regina J. Morton|1-793-247-2814|at.auctor@ullamcorper.ca|9606 Rhoncus. Avenue|156097|Knoxville|Rwanda
Linus V. Black|1-450-214-5337|augue.porttitor@nonloremvitae.co.uk|P.O. Box 941, 7348 Malesuada Avenue|7533 NH|Kontich|Northern Mariana Islands
Mikayla L. Wright|792-8108|elit.Etiam@risusat.org|263-8314 Fusce Rd.|46546|Pallavaram|Portugal
Azalia I. Zamora|1-680-353-1574|ad.litora@placeratorci.net|Ap #607-4749 Luctus. Rd.|02368|Phoenix|Croatia
Leila P. Gilbert|1-957-288-9253|tellus@Proinnon.ca|Ap #905-6400 Convallis Road|73225|Castel Guelfo di Bologna|Botswana
Madeline F. England|167-1223|Nullam@risus.edu|Ap #864-3081 At Rd.|280129|Newmarket|Bolivia
Hyacinth E. Talley|1-733-510-0626|Sed@atlibero.edu|288-7546 Lacus. Road|H0J 2W2|Juseret|Virgin Islands, United States
Noelle Z. Barnett|908-4380|mattis.velit@augueac.ca|1191 Sed Ave|22743|Heule|Faroe Islands
Dane P. Fleming|642-0700|Sed.auctor.odio@dui.ca|Ap #248-4079 Ut Rd.|71197|Mol|Romania
Justin F. Guzman|1-212-761-3704|magna.tellus@maurisa.com|9048 Vestibulum Street|50761-838|Detroit|Malta
Macaulay O. Bush|1-671-963-6694|Praesent.eu.dui@inhendrerit.net|626-7922 Tellus. Road|1716|Norwich|Sao Tome and Principe
Anne P. Kelley|397-9425|vulputate@enim.edu|Ap #289-9088 Ut St.|10414|Mornimont|Northern Mariana Islands
Meredith N. Castillo|927-3159|malesuada.vel@mienim.ca|7280 Sed Rd.|33941|Woking|Peru
Jacob N. Rodriguez|1-510-829-5249|ultrices.a.auctor@sit.edu|602-4031 Amet Street|894013|Overland Park|Qatar
Lacey U. Foreman|1-536-138-8616|Ut.sagittis@dictumProin.ca|8658 Nec Av.|95067|Colchester|Cape Verde
Garrett F. Good|1-737-238-3332|nascetur.ridiculus.mus@Vestibulumuteros.co.uk|317-3840 Dolor Avenue|84666-47294|Sudhanoti|Guernsey
Gay M. Gibbs|652-4042|tincidunt.aliquam.arcu@placerat.com|P.O. Box 581, 3478 Eget, Street|5205|Bo'ness|Andorra
Solomon D. Mendoza|1-845-485-0848|Suspendisse.dui.Fusce@nisi.co.uk|Ap #722-6437 Mauris Ave|1810|Little Rock|Bermuda
Anika W. Stout|382-8025|non.dapibus.rutrum@Nam.org|P.O. Box 896, 5802 Arcu. St.|Z8718|Wekweti|Mayotte
Barclay Y. Estes|829-1426|metus.Aenean@nequeNullam.net|Ap #284-2040 Scelerisque Rd.|Z0811|Haut-Ittre|South Georgia and The South Sandwich Islands
Alec B. Osborn|428-7231|tincidunt@dapibus.net|560-9292 Enim St.|J2H 4M0|Gatchina|Saint Barthélemy
Odette J. Keller|1-973-959-4322|lobortis.Class@acarcu.ca|Ap #366-426 Cubilia Rd.|R4M 5B6|Concepción|Mongolia
Yolanda B. Jordan|1-505-351-5884|eu@luctus.edu|P.O. Box 160, 6008 Lorem St.|813064|Windsor|Grenada
Phoebe Q. Snider|796-8796|ipsum@tinciduntneque.co.uk|901-2428 Dolor Rd.|Z5204|Makurdi|Norway
Chester F. Sutton|168-7554|justo.nec.ante@posuerecubiliaCurae.org|5961 Pulvinar St.|4555 GF|Moose Jaw|Mexico
Heather Y. Vaughan|312-8986|egestas.Sed.pharetra@necmetus.ca|Ap #969-8124 Magna. Av.|20109|Cherbourg-Octeville|Tanzania
Randall J. Mann|450-8547|sit.amet.risus@sit.com|P.O. Box 354, 7021 Duis St.|42790|Annapolis County|Estonia
Joel F. Hebert|515-4916|magna.a.neque@fringillaeuismod.net|Ap #197-8217 Ridiculus Av.|Z2903|Lambersart|Sint Maarten
Martina Z. Rutledge|845-6232|ut@lectusrutrum.com|652-4518 Nulla Ave|8635|Macchia Valfortore|Saint Helena, Ascension and Tristan da Cunha
Branden K. Ross|1-317-861-9451|vitae.velit@scelerisquemollis.com|Ap #104-1168 Ut, St.|03172|Castel Guelfo di Bologna|French Guiana
Adria O. Reeves|851-1043|dictum.sapien@arcuCurabiturut.ca|Ap #714-9559 Habitant Av.|24138|Yaroslavl|Nicaragua
Daquan Z. Dotson|791-1598|metus.Aliquam@interdumNuncsollicitudin.org|Ap #724-6587 Morbi Avenue|9150|Pariaman|Trinidad and Tobago
Kasimir H. Beach|1-198-526-0623|enim.consequat@Proin.org|183-4707 Mus. Ave|SS08 0CA|Oordegem|Ecuador
Emerald Z. Charles|1-394-979-5325|et.netus@penatibusetmagnis.ca|P.O. Box 693, 5173 Felis. Road|18600-760|Diksmuide|New Zealand
Herrod K. Underwood|1-661-142-7168|quis@vel.edu|927-6198 A Av.|39011|Naro|Peru
Scott J. Yang|201-4036|egestas.Fusce.aliquet@nequeetnunc.org|Ap #347-3679 Fringilla Rd.|796578|Rotorua|Jersey
Molly T. Simon|995-0681|Vivamus.euismod.urna@velitSed.ca|689-3204 Vivamus Road|191792|San Nicolás|Estonia
Geoffrey F. Fowler|1-720-529-1759|mauris@adipiscing.org|P.O. Box 110, 462 Diam St.|27883|Tresigallo|Montenegro
Ava H. Rowland|1-578-415-7431|ante@a.org|6136 Tempus St.|28068|São José dos Pinhais|Japan
Chloe G. Baker|1-884-838-3210|In@acurna.net|Ap #654-7582 Facilisis Rd.|14527|Jamioulx|New Caledonia
Sopoline V. Wynn|1-135-211-9032|bibendum.fermentum.metus@anteblandit.edu|681-1567 Arcu St.|Z9127|Hof|Bosnia and Herzegovina
Dalton E. Lloyd|306-7735|sollicitudin.a@Innecorci.com|Ap #640-9225 A, Avenue|42279|Romeral|Norway
Portia U. Floyd|1-578-261-0461|erat@arcuiaculisenim.com|Ap #546-1703 Cursus, Rd.|8205|College|Austria
Branden F. Mcdonald|655-0841|sed.orci@sollicitudinorci.org|330-264 Nisl. Rd.|8130|Gruitrode|Thailand
Donna E. Roman|1-965-262-8878|nunc@nuncinterdum.com|530-7605 Vulputate Rd.|7453 VZ|Calais|Tonga
Emery Q. Colon|177-5429|pede.et.risus@ametloremsemper.com|120-7882 Vitae Street|126616|Los Muermos|Thailand
Rogan B. Herman|147-6808|ac.arcu@augueidante.co.uk|3106 Et Rd.|75-328|Namur|Nicaragua
Camden B. Rodriguez|874-9666|dolor.Donec.fringilla@acmattis.edu|P.O. Box 271, 6922 Erat Rd.|90884|Quimbaya|Syria
Hannah K. Dunn|1-491-210-2008|pede.sagittis.augue@ante.net|P.O. Box 703, 5586 Libero. Av.|K8Z 3G9|Acosse|Equatorial Guinea
Kuame B. Valenzuela|453-9138|congue@tinciduntnuncac.co.uk|961-1960 Tempus Street|Z5176|St. Thomas|Guinea
Karleigh P. Payne|624-3967|Curabitur@Integerurna.com|223-1215 A Ave|587222|Loverval|Dominican Republic
Amaya L. Wilson|107-0999|laoreet@luctus.co.uk|263-9966 Lectus Av.|41951|Wayaux|Singapore
Yuri O. Dillard|1-538-103-8754|Donec.vitae@anunc.com|Ap #256-3912 Nam St.|855739|Panipat|Greenland
Clare X. Ward|365-8133|laoreet.libero.et@elit.edu|P.O. Box 492, 4552 Proin Av.|71314|Bharatpur|Palau
Galvin A. Mercado|1-736-566-8993|vel.quam.dignissim@magna.net|3139 Convallis Av.|Z0403|Thanjavur|Venezuela
Xantha M. Hart|411-0045|ac.mattis.velit@nec.org|7946 Dui Av.|78819|Roermond|Sierra Leone
Ferris O. William|1-240-484-3865|ultricies@ac.net|P.O. Box 593, 9810 Pellentesque St.|30695|Baunatal|Liechtenstein
Talon Q. Kelly|1-416-386-9699|vulputate.lacus.Cras@Ut.co.uk|5548 In Rd.|C1L 8S7|Koersel|Moldova
Jada Q. Macias|280-9421|ac.tellus.Suspendisse@etnunc.ca|P.O. Box 104, 3488 Aliquam Road|577518|Sahiwal|United Arab Emirates
Galvin O. Sweeney|1-877-120-4087|libero.at@fringillaeuismod.co.uk|1248 Et, Ave|29-552|Esslingen|Turkmenistan
Miriam Z. Simmons|1-565-460-1549|commodo.ipsum@inlobortis.edu|188-1800 Nam Rd.|71809|Chicago|Lithuania
Miranda Y. Merritt|1-920-462-2905|Nunc.commodo@nuncsit.edu|Ap #923-8397 Enim Ave|22515|Kasterlee|Andorra
Janna E. Pruitt|1-305-157-5987|adipiscing.elit.Curabitur@Sedet.net|P.O. Box 836, 5202 Enim. Rd.|50962|Guaymas|Israel
Axel K. Meyers|575-8286|sit@aptent.net|141-6630 Primis Ave|38151-941|Hamburg|Russian Federation
Bertha T. Cunningham|984-3030|sit.amet@Cumsociis.ca|821-3604 Velit. Av.|2707|Bay Roberts|Sierra Leone
Haviva Z. Richard|1-252-323-4454|aliquam@sagittisNullam.com|Ap #273-6594 Egestas Av.|44798|Las Condes|Iran
Simon P. Meyers|283-1067|tincidunt.pede@natoque.co.uk|9317 Rutrum, Av.|278333|Surat|Saint Helena, Ascension and Tristan da Cunha
Dana C. Bolton|1-328-415-8492|semper.pretium.neque@Morbi.com|9046 Nullam Rd.|23922-47322|Firenze|Honduras
Georgia L. Lee|1-340-157-4037|felis.Nulla@Integer.edu|868-4307 Elit. Road|2445|Höchst|Guernsey
Nigel G. Hutchinson|1-655-928-4867|neque.tellus@vitae.org|Ap #656-8567 Proin Road|40203|Villeneuve-d'Ascq|New Caledonia
Solomon S. Ford|589-6570|nunc@utnulla.org|173-6952 Metus Ave|898053|Chesapeake|Cameroon
Carlos Z. Farrell|572-4019|pede@utnullaCras.ca|P.O. Box 378, 9791 Ullamcorper Road|R9 0CY|Hawera|Russian Federation
Bianca Z. Nicholson|326-8743|risus.Quisque.libero@posuere.ca|P.O. Box 808, 8806 Enim. Road|3410|Kaneohe|Timor-Leste
Lilah N. Mathis|588-3922|ipsum.Curabitur.consequat@accumsaninterdumlibero.co.uk|Ap #751-2376 Volutpat. Avenue|75248|Oldenburg|Chad